time,inflow,water_level,water_level_observed
0.0,0.010497,0.5,0.503785
1.0,0.009862,0.491704,0.487093
2.0,0.010648,0.48293,0.487278
3.0,0.011523,0.475109,0.481887
4.0,0.009766,0.468313,0.47038
5.0,0.009766,0.459891,0.469275
6.0,0.011579,0.451634,0.447765
7.0,0.010767,0.445353,0.43913
8.0,0.009531,0.438384,0.429491
9.0,0.010543,0.430318,0.437799
10.0,0.009537,0.423427,0.426699
11.0,0.009534,0.41567,0.415392
12.0,0.010242,0.408069,0.409469
13.0,0.008087,0.401334,0.395707
14.0,0.008275,0.392584,0.404813
15.0,0.009438,0.384207,0.384853
16.0,0.008987,0.377172,0.377719
17.0,0.010314,0.369837,0.373466
18.0,0.009092,0.363989,0.366394
19.0,0.008588,0.357047,0.358166
20.0,0.011466,0.349754,0.345801
21.0,0.009774,0.345502,0.347859
22.0,0.010068,0.339655,0.349065
23.0,0.008575,0.334233,0.34096
24.0,0.009456,0.327444,0.33541
25.0,0.010111,0.321692,0.319135
26.0,0.008849,0.316729,0.311781
27.0,0.010376,0.310621,0.309992
28.0,0.009399,0.306184,0.306463
29.0,0.009708,0.300878,0.306349
30.0,0.009398,0.296008,0.287546
31.0,0.011852,0.290947,0.298595
32.0,0.009987,0.288464,0.287674
33.0,0.008942,0.284176,0.282042
34.0,0.010823,0.278951,0.273891
35.0,0.008779,0.275737,0.267463
36.0,0.010209,0.270561,0.274676
37.0,0.00804,0.266945,0.267312
38.0,0.008672,0.261254,0.254805
39.0,0.010197,0.256342,0.249867
40.0,0.010738,0.253083,0.251404
41.0,0.010171,0.250452,0.258797
42.0,0.009884,0.247323,0.246025
43.0,0.009699,0.24399,0.236474
44.0,0.008521,0.240561,0.239333
45.0,0.00928,0.236048,0.234684
46.0,0.009539,0.232416,0.218931
47.0,0.011057,0.229142,0.228871
48.0,0.010344,0.227478,0.226323
49.0,0.008237,0.225146,0.228627
50.0,0.010324,0.220772,0.230017
51.0,0.009615,0.218609,0.224242
52.0,0.009323,0.215798,0.214453
53.0,0.010612,0.212775,0.207242
54.0,0.011031,0.211127,0.223994
55.0,0.010931,0.209947,0.210243
56.0,0.009161,0.2087,0.20877
57.0,0.009691,0.20572,0.205599
58.0,0.010331,0.203357,0.204347
59.0,0.010976,0.201703,0.200981
60.0,0.009521,0.200743,0.197874
61.0,0.009814,0.198356,0.195622
62.0,0.008894,0.196334,0.19617
63.0,0.008804,0.193451,0.190734
64.0,0.010813,0.190566,0.187002
65.0,0.011356,0.189777,0.190309
66.0,0.009928,0.189555,0.18828
67.0,0.011004,0.187912,0.195432
68.0,0.010362,0.187395,0.17414
69.0,0.009355,0.186252,0.19171
70.0,0.010361,0.184137,0.190368
71.0,0.011538,0.183094,0.172727
72.0,0.009964,0.18326,0.181547
73.0,0.011565,0.181847,0.17999
74.0,0.00738,0.182079,0.175041
75.0,0.010822,0.178118,0.174229
76.0,0.010087,0.177724,0.172171
77.0,0.009701,0.176607,0.185368
78.0,0.010092,0.175139,0.179818
79.0,0.008012,0.174109,0.180466
80.0,0.00978,0.171032,0.17464
81.0,0.010357,0.169821,0.164176
82.0,0.011478,0.169226,0.166603
83.0,0.009482,0.169771,0.172218
84.0,0.009192,0.168302,0.162192
85.0,0.009498,0.166591,0.170156
86.0,0.010915,0.165242,0.16404
87.0,0.010329,0.165354,0.16348
88.0,0.00947,0.164875,0.16843
89.0,0.010513,0.163554,0.165775
90.0,0.010097,0.163319,0.161514
91.0,0.010969,0.162676,0.168473
92.0,0.009298,0.162925,0.15752
93.0,0.009672,0.161496,0.164576
94.0,0.009608,0.160488,0.163454
95.0,0.008536,0.159449,0.157901
96.0,0.010296,0.157373,0.159004
97.0,0.010261,0.157126,0.150871
98.0,0.010005,0.156853,0.161473
99.0,0.009765,0.156332,0.155408
100.0,0.008585,0.155589,5.0
101.0,0.009579,0.153691,0.158936
102.0,0.009657,0.152851,0.14933
103.0,0.009198,0.152118,0.145076
104.0,0.009839,0.15095,0.143167
105.0,0.010404,0.150463,0.153493
106.0,0.011886,0.150558,0.144156
107.0,0.010175,0.152132,0.160906
108.0,0.010258,0.151941,0.141531
109.0,0.009926,0.151839,0.160321
110.0,0.008081,0.151409,0.152464
111.0,0.009973,0.149148,0.148665
112.0,0.01006,0.148858,0.146133
113.0,0.012463,0.148664,0.15066
114.0,0.009808,0.150881,0.150692
115.0,0.010302,0.150365,0.155881
116.0,0.009965,0.150361,0.150932
117.0,0.008831,0.150021,0.150772
118.0,0.011143,0.148558,0.14674
119.0,0.010752,0.149457,0.149173
120.0,0.010791,0.149935,0.151474
121.0,0.009091,0.150435,0.141884
122.0,0.011403,0.149218,0.142477
123.0,0.008598,0.150354,0.154071
124.0,0.010587,0.148647,0.149501
125.0,0.01219,0.148987,0.148067
126.0,0.009009,0.15092,0.151012
127.0,0.009434,0.149604,0.151342
128.0,0.0101,0.148759,0.14606
129.0,0.009497,0.148608,0.144716
130.0,0.008449,0.147859,0.148838
131.0,0.010069,0.146089,0.141197
132.0,0.008938,0.146,0.148041
133.0,0.010474,0.144782,0.136269
134.0,0.009081,0.145143,0.150289
135.0,0.01155,0.144099,0.146462
136.0,0.009217,0.14556,0.14684
137.0,0.009678,0.144637,0.149551
138.0,0.010814,0.144208,0.152535
139.0,0.008769,0.144929,0.150001
140.0,0.010227,0.14358,0.134376
141.0,0.011307,0.143738,0.13734
142.0,0.008393,0.144969,0.141845
143.0,0.010185,0.143242,0.143373
144.0,0.01026,0.143368,0.145957
145.0,0.010782,0.143565,0.139936
146.0,0.008763,0.144277,0.145211
147.0,0.00868,0.142945,0.139168
148.0,0.010522,0.141577,0.138519
149.0,0.010297,0.142099,0.135065
150.0,0.01025,0.142377,0.137761
151.0,0.010346,0.1426,0.135841
152.0,0.00932,0.14291,0.138031
153.0,0.010232,0.142183,0.147451
154.0,0.010293,0.142394,0.137647
155.0,0.009286,0.142658,0.15582
156.0,0.011866,0.141906,0.144373
157.0,0.010474,0.14376,0.144684
158.0,0.008809,0.144157,0.139866
159.0,0.010657,0.142875,0.146377
160.0,0.009025,0.143486,0.140608
161.0,0.010787,0.142444,0.143055
162.0,0.011159,0.143201,0.156001
163.0,0.009179,0.144303,0.143822
164.0,0.010963,0.143386,0.149132
165.0,0.010413,0.144286,0.14077
166.0,0.010822,0.144603,0.144429
167.0,0.011897,0.145319,0.154173
168.0,0.009755,0.147085,0.14395
169.0,0.009246,0.146647,0.155709
170.0,0.00911,0.145716,0.149254
171.0,0.009184,0.144681,0.141869
172.0,0.009923,0.143756,0.146918
173.0,0.010341,0.143603,0.148465
174.0,0.010277,0.143873,0.146982
175.0,0.010827,0.144069,0.136218
176.0,0.010013,0.144808,0.141173
177.0,0.011454,0.144708,0.14347
178.0,0.009735,0.146052,0.145679
179.0,0.01272,0.14563,0.148733
180.0,0.010626,0.148208,0.149097
181.0,0.009143,0.148602,0.141926
182.0,0.008929,0.1475,0.149401
183.0,0.010482,0.146222,0.149275
184.0,0.009777,0.146542,0.149341
185.0,0.010714,0.146145,0.151549
186.0,0.010473,0.146699,0.150869
187.0,0.009927,0.146993,0.149289
188.0,0.009153,0.146731,0.14638
189.0,0.008485,0.145704,0.137399
190.0,0.009553,0.144044,0.146192
191.0,0.010856,0.143511,0.144549
192.0,0.010214,0.144299,0.145657
193.0,0.008754,0.144418,0.138034
194.0,0.010173,0.143072,0.137667
195.0,0.010385,0.143193,0.148459
196.0,0.009116,0.143521,0.143324
197.0,0.010154,0.142569,0.145977
198.0,0.010058,0.142688,0.14283
199.0,0.008857,0.142707,0.142856
200.0,0.030358,0.141524,0.146216
201.0,0.030561,0.161884,0.159304
202.0,0.031083,0.181752,0.182232
203.0,0.031054,0.201505,0.199193
204.0,0.028622,0.220628,0.218456
205.0,0.029062,0.236767,0.235221
206.0,0.030515,0.252898,0.254008
207.0,0.030514,0.270047,0.267654
208.0,0.030515,0.28675,0.293029
209.0,0.033853,0.303034,0.298561
210.0,0.030571,0.322257,0.321322
211.0,0.031136,0.33774,0.335542
212.0,0.030954,0.353431,0.360666
213.0,0.030651,0.368585,0.369568
214.0,0.029685,0.383101,0.388261
215.0,0.030759,0.396336,0.388909
216.0,0.029227,0.410364,0.411699
217.0,0.029763,0.422566,0.427014
218.0,0.029515,0.435053,0.435465
219.0,0.030082,0.447038,0.452366
220.0,0.032315,0.459351,0.456764
221.0,0.028133,0.473653,0.4807
222.0,0.030686,0.483495,0.494989
223.0,0.028387,0.495701,0.493887
224.0,0.029528,0.505377,0.50315
225.0,0.031089,0.516012,0.523279
226.0,0.030064,0.52801,0.535908
227.0,0.028922,0.538762,0.536148
228.0,0.029285,0.548177,0.546076
229.0,0.03068,0.557785,0.556376
230.0,0.02927,0.568615,0.561893
231.0,0.030216,0.577845,0.573251
232.0,0.030046,0.587858,0.582838
233.0,0.029348,0.597527,0.593688
234.0,0.032144,0.606332,0.606158
235.0,0.030634,0.617781,0.618952
236.0,0.027975,0.627526,0.635279
237.0,0.030186,0.634448,0.629456
238.0,0.029338,0.643465,0.648387
239.0,0.030852,0.651485,0.650415
240.0,0.029207,0.660886,0.660639
241.0,0.029885,0.668488,0.671862
242.0,0.030505,0.676644,0.67103
243.0,0.030866,0.685287,0.687199
244.0,0.0288,0.694152,0.694985
245.0,0.029665,0.700809,0.703272
246.0,0.029525,0.708226,0.709672
247.0,0.029347,0.715386,0.727662
248.0,0.031765,0.722254,0.719065
249.0,0.030405,0.731433,0.728778
250.0,0.028739,0.739108,0.735993
251.0,0.030918,0.744999,0.742222
252.0,0.032122,0.752978,0.749791
253.0,0.031032,0.762038,0.767983
254.0,0.028481,0.76987,0.776973
255.0,0.029516,0.775032,0.772178
256.0,0.031267,0.781151,0.776989
257.0,0.029292,0.788929,0.791286
258.0,0.030444,0.794615,0.791854
259.0,0.030775,0.801368,0.804533
260.0,0.029073,0.808352,0.809366
261.0,0.02994,0.81353,0.805951
262.0,0.026759,0.819499,0.827237
263.0,0.028976,0.822199,0.831179
264.0,0.029747,0.827076,0.824012
265.0,0.028752,0.832654,0.830715
266.0,0.031632,0.837155,0.838584
267.0,0.02857,0.844471,0.846143
268.0,0.02956,0.848618,0.851911
269.0,0.030131,0.853695,0.863746
270.0,0.031441,0.85927,0.858386
271.0,0.028564,0.866076,0.862084
272.0,0.031163,0.869907,0.86301
273.0,0.03001,0.876282,0.872628
274.0,0.029018,0.881414,0.881249
275.0,0.030462,0.885482,0.894454
276.0,0.030199,0.890935,0.888347
277.0,0.0294,0.896048,0.897167
278.0,0.03007,0.900291,0.900209
279.0,0.029615,0.905144,0.911086
280.0,0.030114,0.909474,0.922108
281.0,0.030662,0.914242,0.911588
282.0,0.031586,0.919492,0.917045
283.0,0.028762,0.925594,0.930815
284.0,0.032133,0.928787,0.932197
285.0,0.028048,0.935308,0.944541
286.0,0.029848,0.937653,0.940572
287.0,0.030588,0.941766,0.93997
288.0,0.030281,0.946563,0.949516
289.0,0.029377,0.950987,0.956531
290.0,0.029792,0.954447,0.95855
291.0,0.029507,0.958275,0.960811
292.0,0.029411,0.961766,0.967099
293.0,0.03085,0.965113,0.970959
294.0,0.030357,0.969853,0.976764
295.0,0.029307,0.974037,0.977281
296.0,0.0309,0.977115,0.976279
297.0,0.030307,0.981744,0.982477
298.0,0.030813,0.985718,0.991751
299.0,0.03063,0.990145,0.98606
300.0,0.029171,0.994329,-1.0
301.0,0.02944,0.996999,0.995032
302.0,0.030747,0.999902,1.000046
303.0,0.03061,1.004074,1.010466
304.0,0.029979,1.008053,1.009009
305.0,0.030117,1.011349,1.011581
306.0,0.031278,1.014739,1.00794
307.0,0.029408,1.019245,1.022976
308.0,0.030547,1.021822,1.02505
309.0,0.029798,1.025504,1.036321
310.0,0.029782,1.028389,1.02685
311.0,0.031099,1.03122,1.032315
312.0,0.030825,1.03533,1.036577
313.0,0.030814,1.039113,1.047001
314.0,0.031305,1.042835,1.042359
315.0,0.030021,1.047001,1.048396
316.0,0.030682,1.049828,1.052867
317.0,0.02969,1.053279,1.054212
318.0,0.030324,1.055693,1.053461
319.0,0.02987,1.058711,1.059681
320.0,0.030097,1.061235,1.066603
321.0,0.030595,1.063954,1.058821
322.0,0.029182,1.067135,1.0678
323.0,0.032092,1.068863,1.065362
324.0,0.028994,1.073479,1.079454
325.0,0.028786,1.074937,1.067321
326.0,0.031158,1.076168,1.073374
327.0,0.030792,1.079756,1.081642
328.0,0.030624,1.082932,1.090759
329.0,0.030628,1.085899,1.08557
330.0,0.029988,1.088833,1.086057
331.0,0.029103,1.091088,1.100494
332.0,0.030076,1.092431,1.08519
333.0,0.029323,1.094729,1.083735
334.0,0.030975,1.096244,1.098444
335.0,0.029853,1.099393,1.096883
336.0,0.029175,1.10138,1.096274
337.0,0.029679,1.102663,1.106205
338.0,0.030413,1.104434,1.105653
339.0,0.029436,1.106917,1.104097
340.0,0.029178,1.108392,1.101991
341.0,0.030244,1.10959,1.113952
342.0,0.030245,1.111838,1.115089
343.0,0.029493,1.11406,1.113564
344.0,0.029529,1.115502,1.124735
345.0,0.030232,1.116961,1.111611
346.0,0.028552,1.119105,1.111478
347.0,0.028593,1.119542,1.116083
348.0,0.029282,1.120014,1.119786
349.0,0.029787,1.12117,1.122386
350.0,0.030311,1.122815,1.121609
351.0,0.031475,1.124965,1.126725
352.0,0.030858,1.128252,1.121994
353.0,0.02984,1.13088,1.138099
354.0,0.029981,1.132458,1.132047
355.0,0.028997,1.134156,1.139743
356.0,0.029981,1.134851,1.136564
357.0,0.029711,1.13652,1.138804
358.0,0.030323,1.137899,1.140748
359.0,0.029173,1.139871,1.14211
360.0,0.030519,1.14067,1.143883
361.0,0.031533,1.142805,1.14945
362.0,0.029891,1.145926,1.146909
363.0,0.030402,1.147368,1.150913
364.0,0.03069,1.149302,1.148853
365.0,0.029599,1.1515,1.158701
366.0,0.030224,1.15258,1.149198
367.0,0.030013,1.154272,1.163277
368.0,0.030098,1.155731,1.155531
369.0,0.029227,1.157258,1.150104
370.0,0.030025,1.157895,1.158535
371.0,0.030498,1.159321,1.155916
372.0,0.031451,1.161204,1.165407
373.0,0.030959,1.164016,1.160753
374.0,0.032153,1.166302,1.164071
375.0,0.029233,1.169753,1.160306
376.0,0.030872,1.170242,1.16798
377.0,0.030183,1.172364,1.160245
378.0,0.03219,1.173771,1.165852
379.0,0.029192,1.177168,1.18097
380.0,0.02916,1.177525,1.181454
381.0,0.029401,1.177845,1.179973
382.0,0.027876,1.178403,1.173568
383.0,0.029474,1.177429,1.17719
384.0,0.029241,1.178065,1.178047
385.0,0.03015,1.17846,1.172668
386.0,0.030342,1.179759,1.187276
387.0,0.031876,1.181234,1.185621
388.0,0.03095,1.184226,1.183121
389.0,0.029423,1.186255,1.186389
390.0,0.029102,1.186732,1.187774
391.0,0.030492,1.186882,1.176673
392.0,0.02868,1.18842,1.187184
393.0,0.031831,1.188127,1.184717
394.0,0.031179,1.19099,1.185981
395.0,0.029531,1.193165,1.19176
396.0,0.028287,1.193666,1.202654
397.0,0.031354,1.192916,1.19612
398.0,0.029885,1.195243,1.192387
399.0,0.031238,1.196073,1.198936
400.0,0.013406,1.198245,1.205242
401.0,0.014401,1.182559,1.187182
402.0,0.015005,1.168058,1.168356
403.0,0.015047,1.15434,1.151106
404.0,0.01455,1.140833,1.144324
405.0,0.015623,1.126997,1.128964
406.0,0.013932,1.114406,1.118882
407.0,0.014858,1.100282,1.103458
408.0,0.01512,1.087262,1.09251
409.0,0.015514,1.074671,1.071995
410.0,0.015712,1.062634,1.069221
411.0,0.013875,1.050949,1.051937
412.0,0.013466,1.037579,1.047956
413.0,0.016278,1.023974,1.020528
414.0,0.015332,1.013358,1.022038
415.0,0.014252,1.001937,1.002926
416.0,0.016551,0.989586,0.986329
417.0,0.015116,0.979699,0.97728
418.0,0.016179,0.968509,0.966908
419.0,0.015068,0.958534,0.960655
420.0,0.017061,0.947581,0.950196
421.0,0.016755,0.938771,0.935903
422.0,0.014751,0.929777,0.929655
423.0,0.015972,0.918901,0.929612
424.0,0.015645,0.909396,0.918034
425.0,0.016369,0.899698,0.901879
426.0,0.014035,0.890858,0.891048
427.0,0.015686,0.879808,0.880408
428.0,0.016058,0.870566,0.873634
429.0,0.013241,0.861827,0.856713
430.0,0.013817,0.850396,0.849109
431.0,0.012961,0.839705,0.831362
432.0,0.014731,0.828312,0.830308
433.0,0.015718,0.818855,0.82209
434.0,0.016502,0.810523,0.808107
435.0,0.015074,0.803098,0.810968
436.0,0.016629,0.794355,0.788227
437.0,0.01362,0.787297,0.779975
438.0,0.013297,0.777336,0.778458
439.0,0.014944,0.767201,0.772436
440.0,0.015384,0.758866,0.767286
441.0,0.014967,0.751099,0.748804
442.0,0.012933,0.743033,0.748427
443.0,0.014911,0.733057,0.732864
444.0,0.013696,0.725213,0.72435
445.0,0.01567,0.716276,0.720694
446.0,0.015367,0.709453,0.712715
447.0,0.01406,0.702434,0.694552
448.0,0.014486,0.69422,0.701603
449.0,0.013941,0.686563,0.693463
450.0,0.014937,0.678482,nan
451.0,0.015955,0.671528,0.673507
452.0,0.014014,0.665705,0.668175
453.0,0.015504,0.658035,0.659338
454.0,0.01447,0.65198,0.649229
455.0,0.014207,0.64499,0.641632
456.0,0.014893,0.637854,0.637726
457.0,0.013965,0.631521,0.637384
458.0,0.014446,0.624366,0.627084
459.0,0.013802,0.617812,0.615959
460.0,0.016965,0.610724,0.614583
461.0,0.015035,0.60692,0.592677
462.0,0.0143,0.60125,0.606994
463.0,0.015214,0.594943,0.586245
464.0,0.014888,0.589658,0.587846
465.0,0.014779,0.584137,0.578539
466.0,0.015614,0.578604,0.572131
467.0,0.015758,0.574003,0.579807
468.0,0.014469,0.569625,0.567286
469.0,0.014424,0.564036,0.565768
470.0,0.014725,0.5585,0.558266
471.0,0.012698,0.553364,0.555749
472.0,0.013485,0.546292,0.546676
473.0,0.016367,0.540134,0.533719
474.0,0.016645,0.536968,0.54195
475.0,0.014751,0.534138,0.531669
476.0,0.015577,0.529466,0.521683
477.0,0.015311,0.525704,0.523563
478.0,0.018079,0.521746,0.529249
479.0,0.01612,0.520628,0.524879
480.0,0.014872,0.517571,0.515828
481.0,0.014044,0.513323,0.511577
482.0,0.013394,0.508326,0.506718
483.0,0.015203,0.502771,0.513155
484.0,0.014244,0.49913,0.50104
485.0,0.013578,0.494598,0.496748
486.0,0.014353,0.489485,0.494636
487.0,0.013918,0.485244,0.486438
488.0,0.016687,0.48065,0.479354
489.0,0.015882,0.478911,0.47793
490.0,0.014992,0.476401,0.476043
491.0,0.01648,0.473049,0.472863
492.0,0.015077,0.47125,0.474888
493.0,0.014139,0.468083,0.468343
494.0,0.016523,0.464039,0.467702
495.0,0.015539,0.462458,0.462055
496.0,0.013963,0.459924,0.460317
497.0,0.01481,0.455863,0.445872
498.0,0.014124,0.452729,0.45731
499.0,0.013617,0.448971,0.450703
500.0,0.015926,0.44478,0.44977
501.0,0.016909,0.442982,0.428501
502.0,0.013601,0.442203,0.452645
503.0,0.015563,0.438131,0.437433
504.0,0.014349,0.436103,0.441644
505.0,0.014513,0.432901,0.427702
506.0,0.014408,0.429928,0.432992
507.0,0.014136,0.42691,0.421642
508.0,0.015049,0.423681,0.420562
509.0,0.014169,0.42143,0.431
510.0,0.01527,0.418346,0.417393
511.0,0.01495,0.416427,0.417514
512.0,0.014761,0.414227,0.418577
513.0,0.014092,0.411883,0.414361
514.0,0.014423,0.408919,0.409671
515.0,0.015755,0.406347,0.408172
516.0,0.015501,0.405161,0.417178
517.0,0.014022,0.403745,0.403457
518.0,0.015099,0.400881,0.401886
519.0,0.015751,0.399153,0.404406
520.0,0.013331,0.398114,0.403641
521.0,0.015543,0.394675,0.400611
522.0,0.014337,0.393522,0.396716
523.0,0.015571,0.391188,0.385473
524.0,0.014237,0.390136,0.398303
525.0,0.013195,0.387773,0.382041
526.0,0.013372,0.384418,0.385931
527.0,0.015048,0.381313,0.377541
528.0,0.01526,0.37995,0.379629
529.0,0.014096,0.378827,0.380471
530.0,0.015639,0.376565,0.378172
531.0,0.013338,0.375895,0.378005
532.0,0.014934,0.37294,0.381008
533.0,0.013789,0.371643,0.373911
534.0,0.014348,0.369231,0.36801
535.0,0.015047,0.36743,0.37225
536.0,0.01414,0.366367,0.372315
537.0,0.014615,0.36442,0.358282
538.0,0.016006,0.362992,0.365979
539.0,0.014423,0.362986,0.366492
540.0,0.015836,0.361398,0.35991
541.0,0.01387,0.361256,0.368135
542.0,0.01553,0.359153,0.358402
543.0,0.016442,0.358755,0.359383
544.0,0.012528,0.359278,0.358413
545.0,0.014203,0.355877,0.355955
546.0,0.015577,0.354226,0.348744
547.0,0.014797,0.353985,0.346785
548.0,0.015371,0.35297,0.360942
549.0,0.014396,0.352551,0.348316
550.0,0.015087,0.351167,0.34621
551.0,0.014844,0.350505,0.339738
552.0,0.016168,0.349615,0.34642
553.0,0.015254,0.350068,0.343453
554.0,0.015338,0.349598,0.357808
555.0,0.014588,0.349222,0.354271
556.0,0.014512,0.348104,0.344664
557.0,0.014567,0.346936,0.358198
558.0,0.015394,0.34585,0.350759
559.0,0.014579,0.345615,0.343991
560.0,0.01529,0.34457,0.332073
561.0,0.017075,0.344259,0.355714
562.0,0.015871,0.345741,0.338793
563.0,0.014674,0.345985,0.337758
564.0,0.016201,0.345026,0.350139
565.0,0.014592,0.345617,0.357815
566.0,0.012962,0.344584,0.351506
567.0,0.013992,0.341945,0.344765
568.0,0.013129,0.340396,0.34337
569.0,0.014648,0.33802,0.342287
570.0,0.015018,0.337217,0.341011
571.0,0.016676,0.336802,0.338208
572.0,0.015327,0.338055,0.338576
573.0,0.014781,0.337929,0.337616
574.0,0.015829,0.337261,0.333491
575.0,0.012789,0.337656,0.336253
576.0,0.015236,0.335002,0.326537
577.0,0.015771,0.334855,0.334363
578.0,0.013521,0.335247,0.330304
579.0,0.016144,0.33338,0.327862
580.0,0.015338,0.334179,0.335078
581.0,0.014585,0.334154,0.341114
582.0,0.015633,0.333375,0.337967
583.0,0.017271,0.333663,0.325811
584.0,0.015182,0.335582,0.330634
585.0,0.015248,0.335368,0.340072
586.0,0.014541,0.335226,0.330313
587.0,0.01415,0.334379,0.333256
588.0,0.01583,0.333161,0.335911
589.0,0.014144,0.333651,0.328809
590.0,0.015072,0.332444,0.332971
591.0,0.014522,0.332192,0.325522
592.0,0.015479,0.331396,0.328389
593.0,0.015334,0.331576,0.333175
594.0,0.016038,0.331606,0.323641
595.0,0.01449,0.332339,0.334542
596.0,0.01473,0.331508,0.33141
597.0,0.014021,0.330936,0.333699
598.0,0.014556,0.329669,0.330788
599.0,0.015377,0.328965,0.335786
